date,interest_rate,cpi_m_to_m,ppi_m_to_m,bid_volume,ask_volume,predicted_price,technical_potential_up_reversal_bullish,technical_potential_down_reversal_bearish,technical_potential_up_trend,richest_addresses_total_received,richest_addresses_total_sent,hourly_google_search,reddit_count_bitcoin_posts_24h,reddit_activity_24h,last_24_youtube,positive_polarity_24_hours,negative_polarity_24_hours,positive_count_24_hours,negative_count_24_hours,weighted_score_up,weighted_score_down,macro_bullish,macro_bearish,order_book_bullish,order_book_bearish,prediction_bullish,prediction_bearish,technical_bullish,technical_bearish,richest_addresses_bullish,richest_addresses_bearish,google_search_bullish,google_search_bearish,reddit_bullish,reddit_bearish,youtube_bullish,youtube_bearish,news_bullish,news_bearish,news_positive_polarity,news_negative_polarity,news_positive_count,news_negative_count
2023-04-13 15:00:00,,,,,,28612.0,,,,,,,,,,,,,,,,,,,,0.1,0.9,,,,,,,,,,,,,,,,
2023-04-13 16:00:00,,,,,,28612.0,,,,,,63.0,,,,,,,,,,,,,,0.1,0.9,,,,,0.0,0.0,,,,,,,,,,
2023-04-14 09:00:00,,0.1,-0.5,,,,,,,,,,,,,,,,,,,0.85,0.15,,,,,,,,,,,,,,,,,,,,
2023-04-14 10:00:00,,0.1,-0.5,,,30235.0,,,,,,64.0,,,,,,,,,,0.85,0.15,,,0.4,0.6,,,0.6,0.4,0.0,0.0,,,,,0.0,0.0,,,,
2023-04-14 11:00:00,,,,,,,True,True,True,,,,,,,,,,,,,,,,,,,1.0,0.0,,,,,,,,,,,,,,
2023-04-14 12:00:00,,,,,,,True,True,True,,,,,,550.0,,,,,,,,,,,,,1.0,0.0,,,,,,,0.6,0.4,,,,,,
2023-04-15 11:00:00,,0.1,-0.5,,,,,,,,,,,,,,,,,,,0.85,0.15,,,,,,,,,,,,,,,,,,,,
2023-04-15 12:00:00,,0.1,-0.5,,,,,,,,,,,,,,,,,,,0.85,0.15,,,,,,,,,,,,,,,,,,,,
2023-04-15 13:00:00,,,,,,30139.0,,,,,,,,,,,,,,,,,,,,0.0,0.0,,,,,,,,,,,,,,,,
2023-04-16 10:00:00,,,,,,30139.0,,,,,,,,,,,,,,,,,,,,0.0,0.0,,,,,,,,,,,,,,,,
2023-04-16 12:00:00,,,,,,,,,,,,47.0,,,,,,,,,,,,,,,,,,,,0.0,0.0,,,,,,,,,,
2023-04-16 17:00:00,,,,,,,,,,,,46.0,8.0,2463.0,429.0,,,,,,,,,,,,,,,,,0.0,0.0,0.0,1.0,0.0,0.0,,,,,,
